Workbook

Sheet Staff_Master
A1: HOSTEL & FACILITY HOUSEKEEPING MANAGEMENT
A2: Housekeeping Staff Directory & Master Settings | October 2026
A4: Staff ID | B4: Full Name | C4: Assigned Location / Hostel | D4: Designation | E4: Monthly Base Wage (₹) | F4: Daily Wage Rate (₹) | G4: Weekly Off | H4: Payment Mode | I4: Bank / UPI Details
A5: HK-01 | B5: Ms. Arputhamani | C5: MBA Hostel | D5: Housekeeper / MBA Hostel | E5: 11000 | F5: =E5/31 | G5: Sunday | H5: Bank / Cash | I5: MBA Hostel Desk
A6: HK-02 | B6: Mr. R. Sakthivelan | C6: Sports Hostel | D6: Housekeeper / Sports Hostel | E6: 11000 | F6: =E6/31 | G6: Sunday | H6: Bank / Cash | I6: Sports Hostel Desk
A7: HK-03 | B7: Ms. Revathi | C7: Toulouse Arena | D7: Housekeeper / Toulouse Arena | E7: 11000 | F7: =E7/31 | G7: Sunday | H7: Bank / Cash | I7: Toulouse Arena Desk
A10: System Instructions:
A11: 1. Printable_Sign_Sheet: Print at the start of the month and display at respective hostel/arena housekeeping desks.
A12: 2. Attendance_Log: Daily attendance (P = Present, HD = Half Day, WO = Weekly Off, PL = Paid Leave, A = Absent).
A13: 3. Monthly_Remuneration: Calculates gross and net wages automatically based on payable days.
A14: 4. Ready for wage disbursement with signature acknowledgement.

Sheet Printable_Sign_Sheet
A1: HOSTEL & FACILITY HOUSEKEEPING MANAGEMENT
A2: DAILY HOUSEKEEPING ATTENDANCE & SIGNATURE REGISTER - OCTOBER 2026
A4: Date | B4: Day | C4: Ms. Arputhamani [MBA Hostel] | F4: Mr. R. Sakthivelan [Sports Hostel] | I4: Ms. Revathi [Toulouse Arena]
C5: In Time / Sig | D5: Out Time / Sig | E5: Status (P/A/HD) | F5: In Time / Sig | G5: Out Time / Sig | H5: Status (P/A/HD) | I5: In Time / Sig | J5: Out Time / Sig | K5: Status (P/A/HD)
A6: 1 | B6: Thu
A7: 2 | B7: Fri
A8: 3 | B8: Sat
A9: 4 | B9: Sun | C9: - | D9: - | E9: WO | F9: - | G9: - | H9: WO | I9: - | J9: - | K9: WO
A10: 5 | B10: Mon
A11: 6 | B11: Tue
A12: 7 | B12: Wed
A13: 8 | B13: Thu
A14: 9 | B14: Fri
A15: 10 | B15: Sat
A16: 11 | B16: Sun | C16: - | D16: - | E16: WO | F16: - | G16: - | H16: WO | I16: - | J16: - | K16: WO
A17: 12 | B17: Mon
A18: 13 | B18: Tue
A19: 14 | B19: Wed
A20: 15 | B20: Thu
A21: 16 | B21: Fri
A22: 17 | B22: Sat
A23: 18 | B23: Sun | C23: - | D23: - | E23: WO | F23: - | G23: - | H23: WO | I23: - | J23: - | K23: WO
A24: 19 | B24: Mon
A25: 20 | B25: Tue
A26: 21 | B26: Wed
A27: 22 | B27: Thu
A28: 23 | B28: Fri
A29: 24 | B29: Sat
A30: 25 | B30: Sun | C30: - | D30: - | E30: WO | F30: - | G30: - | H30: WO | I30: - | J30: - | K30: WO
A31: 26 | B31: Mon
A32: 27 | B32: Tue
A33: 28 | B33: Wed
A34: 29 | B34: Thu
A35: 30 | B35: Fri
A36: 31 | B36: Sat
A37: Total Present Days | C37: ________________ Days | F37: ________________ Days | I37: ________________ Days

Sheet Attendance_Log
A1: HOSTEL & FACILITY HOUSEKEEPING MANAGEMENT
A2: Monthly Attendance Log & Calculation Matrix - October 2026
A4: Legend: | B4: P: Present (1.0) | C4: HD: Half Day (0.5) | D4: WO: Weekly Off (1.0 Paid) | E4: PL: Paid Leave (1.0 Paid) | F4: A: Absent / LOP (0.0)
A6: ID | B6: Staff Name | C6: Location | D6: 1 | E6: 2 | F6: 3 | G6: 4 | H6: 5 | I6: 6 | J6: 7 | K6: 8 | L6: 9 | M6: 10 | N6: 11 | O6: 12 | P6: 13 | Q6: 14 | R6: 15 | S6: 16 | T6: 17 | U6: 18 | V6: 19 | W6: 20 | X6: 21 | Y6: 22 | Z6: 23 | AA6: 24 | AB6: 25 | AC6: 26 | AD6: 27 | AE6: 28 | AF6: 29 | AG6: 30 | AH6: 31 | AI6: Present (P) | AJ6: Half Day (HD) | AK6: Weekly Off (WO) | AL6: Paid Leave (PL) | AM6: Absent (A) | AN6: Total Payable Days
C7: Day: | D7: Th | E7: Fr | F7: Sa | G7: Su | H7: Mo | I7: Tu | J7: We | K7: Th | L7: Fr | M7: Sa | N7: Su | O7: Mo | P7: Tu | Q7: We | R7: Th | S7: Fr | T7: Sa | U7: Su | V7: Mo | W7: Tu | X7: We | Y7: Th | Z7: Fr | AA7: Sa | AB7: Su | AC7: Mo | AD7: Tu | AE7: We | AF7: Th | AG7: Fr | AH7: Sa
A8: HK-01 | B8: Ms. Arputhamani | C8: MBA Hostel | D8: P | E8: P | F8: P | G8: WO | H8: P | I8: P | J8: P | K8: P | L8: P | M8: P | N8: WO | O8: P | P8: P | Q8: P | R8: P | S8: P | T8: P | U8: WO | V8: P | W8: P | X8: P | Y8: P | Z8: P | AA8: P | AB8: WO | AC8: P | AD8: P | AE8: P | AF8: P | AG8: P | AH8: P | AI8: =COUNTIF(D8:AH8, "P") | AJ8: =COUNTIF(D8:AH8, "HD") | AK8: =COUNTIF(D8:AH8, "WO") | AL8: =COUNTIF(D8:AH8, "PL") | AM8: =COUNTIF(D8:AH8, "A") | AN8: =AI8 + (AJ8*0.5) + AK8 + AL8
A9: HK-02 | B9: Mr. R. Sakthivelan | C9: Sports Hostel | D9: P | E9: P | F9: P | G9: WO | H9: P | I9: P | J9: P | K9: P | L9: P | M9: P | N9: WO | O9: P | P9: P | Q9: P | R9: P | S9: P | T9: P | U9: WO | V9: P | W9: P | X9: P | Y9: P | Z9: P | AA9: P | AB9: WO | AC9: P | AD9: P | AE9: P | AF9: P | AG9: P | AH9: P | AI9: =COUNTIF(D9:AH9, "P") | AJ9: =COUNTIF(D9:AH9, "HD") | AK9: =COUNTIF(D9:AH9, "WO") | AL9: =COUNTIF(D9:AH9, "PL") | AM9: =COUNTIF(D9:AH9, "A") | AN9: =AI9 + (AJ9*0.5) + AK9 + AL9
A10: HK-03 | B10: Ms. Revathi | C10: Toulouse Arena | D10: P | E10: P | F10: P | G10: WO | H10: P | I10: P | J10: P | K10: P | L10: P | M10: P | N10: WO | O10: P | P10: P | Q10: P | R10: P | S10: P | T10: P | U10: WO | V10: P | W10: P | X10: P | Y10: P | Z10: P | AA10: P | AB10: WO | AC10: P | AD10: P | AE10: P | AF10: P | AG10: P | AH10: P | AI10: =COUNTIF(D10:AH10, "P") | AJ10: =COUNTIF(D10:AH10, "HD") | AK10: =COUNTIF(D10:AH10, "WO") | AL10: =COUNTIF(D10:AH10, "PL") | AM10: =COUNTIF(D10:AH10, "A") | AN10: =AI10 + (AJ10*0.5) + AK10 + AL10

Sheet Monthly_Remuneration
A1: HOSTEL & FACILITY HOUSEKEEPING MANAGEMENT
A2: HOUSEKEEPING REMUNERATION & WAGE DISBURSEMENT REGISTER - OCTOBER 2026
A4: Staff ID | B4: Staff Name | C4: Location | D4: Monthly Base (₹) | E4: Days in Month (31) | F4: Payable Days | G4: Earned Basic Wage (₹) | H4: Special / Overtime Allowance (₹) | I4: Gross Remuneration (₹) | J4: Advance / Deductions (₹) | K4: NET PAYABLE WAGE (₹) | L4: Payment Mode | M4: Staff Signature / Date
A5: =Staff_Master!A5 | B5: =Staff_Master!B5 | C5: =Staff_Master!C5 | D5: =Staff_Master!E5 | E5: 31 | F5: =Attendance_Log!AN8 | G5: =(D5/E5)*F5 | H5: 0 | I5: =G5+H5 | J5: 0 | K5: =I5-J5 | L5: =Staff_Master!H5
A6: =Staff_Master!A6 | B6: =Staff_Master!B6 | C6: =Staff_Master!C6 | D6: =Staff_Master!E6 | E6: 31 | F6: =Attendance_Log!AN9 | G6: =(D6/E6)*F6 | H6: 0 | I6: =G6+H6 | J6: 0 | K6: =I6-J6 | L6: =Staff_Master!H6
A7: =Staff_Master!A7 | B7: =Staff_Master!B7 | C7: =Staff_Master!C7 | D7: =Staff_Master!E7 | E7: 31 | F7: =Attendance_Log!AN10 | G7: =(D7/E7)*F7 | H7: 0 | I7: =G7+H7 | J7: 0 | K7: =I7-J7 | L7: =Staff_Master!H7
A8: TOTAL REMUNERATION | D8: =SUM(D5:D7) | G8: =SUM(G5:G7) | H8: =SUM(H5:H7) | I8: =SUM(I5:I7) | J8: =SUM(J5:J7) | K8: =SUM(K5:K7)
